<html><head><title>pprint:: prediction result</title></head> <body><br><br><h2><center>Prediction of RNA-interacting residues of submitted proteins</center></h2><table align="center"><tbody><tr><td bgcolor="#D3D3D3" align="center"><font color="RED"><b>Red: Interacting residues</b></font><font color="blue">&nbsp;&nbsp;&nbsp;&nbsp;<b>Blue: Non-interacting residues</b></font><br><br></td></tr><tr><td><font color="blue">M</font><font color="blue">T</font><font color="blue">P</font><font color="blue">D</font><font color="blue">I</font><font color="blue">I</font><font color="blue">L</font><font color="blue">Q</font><font color="blue">R</font><font color="blue">T</font><font color="blue">G</font><font color="blue">I</font><font color="blue">D</font><font color="blue">V</font><font color="red">R</font><font color="blue">A</font><font color="blue">V</font><font color="blue">E</font><font color="blue">Q</font><font color="blue">G</font><font color="blue">D</font><font color="red">D</font><font color="blue">A</font><font color="blue">W</font><font color="blue">H</font><font color="blue">K</font><font color="blue">L</font><font color="red">R</font><font color="blue">L</font><font color="blue">G</font><font color="blue">V</font><font color="blue">I</font><font color="blue">T</font><font color="blue">A</font><font color="red">S</font><font color="red">E</font><font color="blue">V</font><font color="blue">H</font><font color="blue">N</font><font color="blue">V</font><font color="blue">I</font><font color="blue">A</font><font color="red">K</font><font color="red">P</font><font color="red">R</font><font color="red">S</font><font color="red">G</font><font color="red">K</font><font color="blue">K</font><font color="blue">W</font><font color="red">P</font><font color="blue">D</font><font color="blue">M</font><font color="blue">K</font><font color="blue">M</font><font color="blue">S</font><font color="blue">Y</font><font color="blue">F</font><font color="blue">H</font><font color="blue">T</font></td></tr><tr><td><font color="blue">L</font><font color="blue">L</font><font color="blue">A</font><font color="blue">E</font><font color="blue">V</font><font color="blue">C</font><font color="blue">T</font><font color="blue">G</font><font color="blue">V</font><font color="blue">A</font><font color="blue">P</font><font color="blue">E</font><font color="blue">V</font><font color="blue">N</font><font color="blue">A</font><font color="blue">K</font><font color="blue">A</font><font color="blue">L</font><font color="blue">A</font><font color="red">W</font><font color="red">G</font><font color="red">K</font><font color="red">Q</font><font color="blue">Y</font><font color="blue">E</font><font color="blue">N</font><font color="blue">D</font><font color="blue">A</font><font color="blue">R</font><font color="blue">T</font><font color="blue">L</font><font color="blue">F</font><font color="blue">E</font><font color="blue">F</font><font color="blue">T</font><font color="blue">S</font><font color="blue">G</font><font color="blue">V</font><font color="blue">N</font><font color="blue">V</font><font color="blue">T</font><font color="blue">E</font><font color="blue">S</font><font color="blue">P</font><font color="blue">I</font><font color="blue">I</font><font color="blue">Y</font><font color="blue">R</font><font color="blue">D</font><font color="blue">E</font><font color="blue">S</font><font color="blue">M</font><font color="blue">R</font><font color="blue">T</font><font color="blue">A</font><font color="red">C</font><font color="blue">S</font><font color="blue">P</font><font color="blue">D</font><font color="blue">G</font></td></tr><tr><td><font color="blue">L</font><font color="blue">C</font><font color="blue">S</font><font color="blue">D</font><font color="blue">G</font><font color="blue">N</font><font color="blue">G</font><font color="blue">L</font><font color="blue">E</font><font color="blue">L</font><font color="blue">A</font><font color="blue">C</font><font color="blue">P</font><font color="blue">F</font><font color="blue">T</font><font color="blue">S</font><font color="blue">R</font><font color="blue">D</font><font color="blue">F</font><font color="blue">M</font><font color="blue">K</font><font color="blue">F</font><font color="blue">R</font><font color="blue">L</font><font color="blue">G</font><font color="blue">G</font><font color="blue">F</font><font color="blue">E</font><font color="blue">A</font><font color="blue">I</font><font color="blue">K</font><font color="blue">S</font><font color="blue">A</font><font color="blue">Y</font><font color="blue">M</font><font color="blue">A</font><font color="blue">Q</font><font color="blue">V</font><font color="blue">Q</font><font color="red">Y</font><font color="blue">S</font><font color="blue">M</font><font color="blue">W</font><font color="blue">V</font><font color="blue">T</font><font color="red">R</font><font color="blue">K</font><font color="blue">N</font><font color="blue">A</font><font color="blue">W</font><font color="blue">Y</font><font color="blue">F</font><font color="blue">A</font><font color="red">N</font><font color="red">Y</font><font color="blue">D</font><font color="blue">P</font><font color="blue">R</font><font color="blue">M</font><font color="blue">K</font></td></tr><tr><td><font color="red">R</font><font color="blue">E</font><font color="red">G</font><font color="red">L</font><font color="blue">H</font><font color="blue">Y</font><font color="blue">V</font><font color="blue">V</font><font color="blue">I</font><font color="blue">E</font><font color="blue">R</font><font color="blue">D</font><font color="blue">E</font><font color="blue">K</font><font color="blue">Y</font><font color="blue">M</font><font color="blue">A</font><font color="blue">S</font><font color="blue">F</font><font color="blue">D</font><font color="blue">E</font><font color="blue">I</font><font color="blue">V</font><font color="blue">P</font><font color="blue">E</font><font color="blue">F</font><font color="blue">I</font><font color="blue">E</font><font color="blue">K</font><font color="blue">M</font><font color="blue">D</font><font color="blue">E</font><font color="blue">A</font><font color="blue">L</font><font color="blue">A</font><font color="blue">E</font><font color="blue">I</font><font color="blue">G</font><font color="blue">F</font><font color="blue">V</font><font color="blue">F</font><font color="blue">G</font><font color="blue">E</font><font color="red">Q</font><font color="red">W</font><font color="red">R</font></td></tr></tbody></table>

<br><br><br><br><br><br><br>

<table align="center">

<caption><em>Residue wise detail prediction</em></caption>

<tbody><tr bgcolor="#8B6969"><td align="LEFT"><font size="+2">Amino Acid</font></td>

<td align="LEFT"><font size="+2">SVM value</font></td>

<td align="LEFT"><font size="+2">Prediction</font></td></tr>

<tr><td align="center" bgcolor="#C0C0C0">M</td>

<td align="center" bgcolor="#D3D3D3">-0.59585658</td>

<td align="center" bgcolor="#9FB6CD">&nbsp;&nbsp;&nbsp;Non-Interacting&nbsp;&nbsp;&nbsp;</td></tr>

<tr><td align="center" bgcolor="#C0C0C0">T</td>

<td align="center" bgcolor="#D3D3D3">-0.45312928</td>

<td align="center" bgcolor="#9FB6CD">&nbsp;&nbsp;&nbsp;Non-Interacting&nbsp;&nbsp;&nbsp;</td></tr>

<tr><td align="center" bgcolor="#C0C0C0">P</td>

<td align="center" bgcolor="#D3D3D3">-0.49907055</td>

<td align="center" bgcolor="#9FB6CD">&nbsp;&nbsp;&nbsp;Non-Interacting&nbsp;&nbsp;&nbsp;</td></tr>

<tr><td align="center" bgcolor="#C0C0C0">D</td>

<td align="center" bgcolor="#D3D3D3">-0.53716649</td>

<td align="center" bgcolor="#9FB6CD">&nbsp;&nbsp;&nbsp;Non-Interacting&nbsp;&nbsp;&nbsp;</td></tr>

<tr><td align="center" bgcolor="#C0C0C0">I</td>

<td align="center" bgcolor="#D3D3D3">-0.59198819</td>

<td align="center" bgcolor="#9FB6CD">&nbsp;&nbsp;&nbsp;Non-Interacting&nbsp;&nbsp;&nbsp;</td></tr>

<tr><td align="center" bgcolor="#C0C0C0">I</td>

<td align="center" bgcolor="#D3D3D3">-1.0462008</td>

<td align="center" bgcolor="#9FB6CD">&nbsp;&nbsp;&nbsp;Non-Interacting&nbsp;&nbsp;&nbsp;</td></tr>

<tr><td align="center" bgcolor="#C0C0C0">L</td>

<td align="center" bgcolor="#D3D3D3">-1.6255675</td>

<td align="center" bgcolor="#9FB6CD">&nbsp;&nbsp;&nbsp;Non-Interacting&nbsp;&nbsp;&nbsp;</td></tr>

<tr><td align="center" bgcolor="#C0C0C0">Q</td>

<td align="center" bgcolor="#D3D3D3">-1.2018811</td>

<td align="center" bgcolor="#9FB6CD">&nbsp;&nbsp;&nbsp;Non-Interacting&nbsp;&nbsp;&nbsp;</td></tr>

<tr><td align="center" bgcolor="#C0C0C0">R</td>

<td align="center" bgcolor="#D3D3D3">-0.76130725</td>

<td align="center" bgcolor="#9FB6CD">&nbsp;&nbsp;&nbsp;Non-Interacting&nbsp;&nbsp;&nbsp;</td></tr>

<tr><td align="center" bgcolor="#C0C0C0">T</td>

<td align="center" bgcolor="#D3D3D3">-0.39549072</td>

<td align="center" bgcolor="#9FB6CD">&nbsp;&nbsp;&nbsp;Non-Interacting&nbsp;&nbsp;&nbsp;</td></tr>

<tr><td align="center" bgcolor="#C0C0C0">G</td>

<td align="center" bgcolor="#D3D3D3">-0.83265442</td>

<td align="center" bgcolor="#9FB6CD">&nbsp;&nbsp;&nbsp;Non-Interacting&nbsp;&nbsp;&nbsp;</td></tr>

<tr><td align="center" bgcolor="#C0C0C0">I</td>

<td align="center" bgcolor="#D3D3D3">-0.48100238</td>

<td align="center" bgcolor="#9FB6CD">&nbsp;&nbsp;&nbsp;Non-Interacting&nbsp;&nbsp;&nbsp;</td></tr>

<tr><td align="center" bgcolor="#C0C0C0">D</td>

<td align="center" bgcolor="#D3D3D3">-0.81663041</td>

<td align="center" bgcolor="#9FB6CD">&nbsp;&nbsp;&nbsp;Non-Interacting&nbsp;&nbsp;&nbsp;</td></tr>

<tr><td align="center" bgcolor="#C0C0C0">V</td>

<td align="center" bgcolor="#D3D3D3">-0.60306348</td>

<td align="center" bgcolor="#9FB6CD">&nbsp;&nbsp;&nbsp;Non-Interacting&nbsp;&nbsp;&nbsp;</td></tr>

<tr><td align="center" bgcolor="#C0C0C0">R</td>

<td align="center" bgcolor="#D3D3D3">0.016278001</td>

<td align="center" bgcolor="#9FB6CD">&nbsp;&nbsp;&nbsp;Interacting&nbsp;&nbsp;&nbsp;</td></tr>

<tr><td align="center" bgcolor="#C0C0C0">A</td>

<td align="center" bgcolor="#D3D3D3">-1.3673537</td>

<td align="center" bgcolor="#9FB6CD">&nbsp;&nbsp;&nbsp;Non-Interacting&nbsp;&nbsp;&nbsp;</td></tr>

<tr><td align="center" bgcolor="#C0C0C0">V</td>

<td align="center" bgcolor="#D3D3D3">-0.9492713</td>

<td align="center" bgcolor="#9FB6CD">&nbsp;&nbsp;&nbsp;Non-Interacting&nbsp;&nbsp;&nbsp;</td></tr>

<tr><td align="center" bgcolor="#C0C0C0">E</td>

<td align="center" bgcolor="#D3D3D3">-1.0382772</td>

<td align="center" bgcolor="#9FB6CD">&nbsp;&nbsp;&nbsp;Non-Interacting&nbsp;&nbsp;&nbsp;</td></tr>

<tr><td align="center" bgcolor="#C0C0C0">Q</td>

<td align="center" bgcolor="#D3D3D3">-0.54297548</td>

<td align="center" bgcolor="#9FB6CD">&nbsp;&nbsp;&nbsp;Non-Interacting&nbsp;&nbsp;&nbsp;</td></tr>

<tr><td align="center" bgcolor="#C0C0C0">G</td>

<td align="center" bgcolor="#D3D3D3">-0.61786691</td>

<td align="center" bgcolor="#9FB6CD">&nbsp;&nbsp;&nbsp;Non-Interacting&nbsp;&nbsp;&nbsp;</td></tr>

<tr><td align="center" bgcolor="#C0C0C0">D</td>

<td align="center" bgcolor="#D3D3D3">-0.41325119</td>

<td align="center" bgcolor="#9FB6CD">&nbsp;&nbsp;&nbsp;Non-Interacting&nbsp;&nbsp;&nbsp;</td></tr>

<tr><td align="center" bgcolor="#C0C0C0">D</td>

<td align="center" bgcolor="#D3D3D3">-0.078146386</td>

<td align="center" bgcolor="#9FB6CD">&nbsp;&nbsp;&nbsp;Interacting&nbsp;&nbsp;&nbsp;</td></tr>

<tr><td align="center" bgcolor="#C0C0C0">A</td>

<td align="center" bgcolor="#D3D3D3">-0.65586108</td>

<td align="center" bgcolor="#9FB6CD">&nbsp;&nbsp;&nbsp;Non-Interacting&nbsp;&nbsp;&nbsp;</td></tr>

<tr><td align="center" bgcolor="#C0C0C0">W</td>

<td align="center" bgcolor="#D3D3D3">-0.57387892</td>

<td align="center" bgcolor="#9FB6CD">&nbsp;&nbsp;&nbsp;Non-Interacting&nbsp;&nbsp;&nbsp;</td></tr>

<tr><td align="center" bgcolor="#C0C0C0">H</td>

<td align="center" bgcolor="#D3D3D3">-0.42713431</td>

<td align="center" bgcolor="#9FB6CD">&nbsp;&nbsp;&nbsp;Non-Interacting&nbsp;&nbsp;&nbsp;</td></tr>

<tr><td align="center" bgcolor="#C0C0C0">K</td>

<td align="center" bgcolor="#D3D3D3">-0.82035878</td>

<td align="center" bgcolor="#9FB6CD">&nbsp;&nbsp;&nbsp;Non-Interacting&nbsp;&nbsp;&nbsp;</td></tr>

<tr><td align="center" bgcolor="#C0C0C0">L</td>

<td align="center" bgcolor="#D3D3D3">-0.7462178</td>

<td align="center" bgcolor="#9FB6CD">&nbsp;&nbsp;&nbsp;Non-Interacting&nbsp;&nbsp;&nbsp;</td></tr>

<tr><td align="center" bgcolor="#C0C0C0">R</td>

<td align="center" bgcolor="#D3D3D3">0.23171512</td>

<td align="center" bgcolor="#9FB6CD">&nbsp;&nbsp;&nbsp;Interacting&nbsp;&nbsp;&nbsp;</td></tr>

<tr><td align="center" bgcolor="#C0C0C0">L</td>

<td align="center" bgcolor="#D3D3D3">-0.75353326</td>

<td align="center" bgcolor="#9FB6CD">&nbsp;&nbsp;&nbsp;Non-Interacting&nbsp;&nbsp;&nbsp;</td></tr>

<tr><td align="center" bgcolor="#C0C0C0">G</td>

<td align="center" bgcolor="#D3D3D3">-0.93127379</td>

<td align="center" bgcolor="#9FB6CD">&nbsp;&nbsp;&nbsp;Non-Interacting&nbsp;&nbsp;&nbsp;</td></tr>

<tr><td align="center" bgcolor="#C0C0C0">V</td>

<td align="center" bgcolor="#D3D3D3">-0.58407065</td>

<td align="center" bgcolor="#9FB6CD">&nbsp;&nbsp;&nbsp;Non-Interacting&nbsp;&nbsp;&nbsp;</td></tr>

<tr><td align="center" bgcolor="#C0C0C0">I</td>

<td align="center" bgcolor="#D3D3D3">-0.89888355</td>

<td align="center" bgcolor="#9FB6CD">&nbsp;&nbsp;&nbsp;Non-Interacting&nbsp;&nbsp;&nbsp;</td></tr>

<tr><td align="center" bgcolor="#C0C0C0">T</td>

<td align="center" bgcolor="#D3D3D3">-0.70406613</td>

<td align="center" bgcolor="#9FB6CD">&nbsp;&nbsp;&nbsp;Non-Interacting&nbsp;&nbsp;&nbsp;</td></tr>

<tr><td align="center" bgcolor="#C0C0C0">A</td>

<td align="center" bgcolor="#D3D3D3">-0.91025146</td>

<td align="center" bgcolor="#9FB6CD">&nbsp;&nbsp;&nbsp;Non-Interacting&nbsp;&nbsp;&nbsp;</td></tr>

<tr><td align="center" bgcolor="#C0C0C0">S</td>

<td align="center" bgcolor="#D3D3D3">-0.1098847</td>

<td align="center" bgcolor="#9FB6CD">&nbsp;&nbsp;&nbsp;Interacting&nbsp;&nbsp;&nbsp;</td></tr>

<tr><td align="center" bgcolor="#C0C0C0">E</td>

<td align="center" bgcolor="#D3D3D3">-0.0850893</td>

<td align="center" bgcolor="#9FB6CD">&nbsp;&nbsp;&nbsp;Interacting&nbsp;&nbsp;&nbsp;</td></tr>

<tr><td align="center" bgcolor="#C0C0C0">V</td>

<td align="center" bgcolor="#D3D3D3">-0.79624228</td>

<td align="center" bgcolor="#9FB6CD">&nbsp;&nbsp;&nbsp;Non-Interacting&nbsp;&nbsp;&nbsp;</td></tr>

<tr><td align="center" bgcolor="#C0C0C0">H</td>

<td align="center" bgcolor="#D3D3D3">-0.7481044</td>

<td align="center" bgcolor="#9FB6CD">&nbsp;&nbsp;&nbsp;Non-Interacting&nbsp;&nbsp;&nbsp;</td></tr>

<tr><td align="center" bgcolor="#C0C0C0">N</td>

<td align="center" bgcolor="#D3D3D3">-0.58511932</td>

<td align="center" bgcolor="#9FB6CD">&nbsp;&nbsp;&nbsp;Non-Interacting&nbsp;&nbsp;&nbsp;</td></tr>

<tr><td align="center" bgcolor="#C0C0C0">V</td>

<td align="center" bgcolor="#D3D3D3">-0.73483587</td>

<td align="center" bgcolor="#9FB6CD">&nbsp;&nbsp;&nbsp;Non-Interacting&nbsp;&nbsp;&nbsp;</td></tr>

<tr><td align="center" bgcolor="#C0C0C0">I</td>

<td align="center" bgcolor="#D3D3D3">-0.55499356</td>

<td align="center" bgcolor="#9FB6CD">&nbsp;&nbsp;&nbsp;Non-Interacting&nbsp;&nbsp;&nbsp;</td></tr>

<tr><td align="center" bgcolor="#C0C0C0">A</td>

<td align="center" bgcolor="#D3D3D3">-0.63238907</td>

<td align="center" bgcolor="#9FB6CD">&nbsp;&nbsp;&nbsp;Non-Interacting&nbsp;&nbsp;&nbsp;</td></tr>

<tr><td align="center" bgcolor="#C0C0C0">K</td>

<td align="center" bgcolor="#D3D3D3">0.42892877</td>

<td align="center" bgcolor="#9FB6CD">&nbsp;&nbsp;&nbsp;Interacting&nbsp;&nbsp;&nbsp;</td></tr>

<tr><td align="center" bgcolor="#C0C0C0">P</td>

<td align="center" bgcolor="#D3D3D3">0.11434825</td>

<td align="center" bgcolor="#9FB6CD">&nbsp;&nbsp;&nbsp;Interacting&nbsp;&nbsp;&nbsp;</td></tr>

<tr><td align="center" bgcolor="#C0C0C0">R</td>

<td align="center" bgcolor="#D3D3D3">0.38011851</td>

<td align="center" bgcolor="#9FB6CD">&nbsp;&nbsp;&nbsp;Interacting&nbsp;&nbsp;&nbsp;</td></tr>

<tr><td align="center" bgcolor="#C0C0C0">S</td>

<td align="center" bgcolor="#D3D3D3">0.31125846</td>

<td align="center" bgcolor="#9FB6CD">&nbsp;&nbsp;&nbsp;Interacting&nbsp;&nbsp;&nbsp;</td></tr>

<tr><td align="center" bgcolor="#C0C0C0">G</td>

<td align="center" bgcolor="#D3D3D3">0.074977128</td>

<td align="center" bgcolor="#9FB6CD">&nbsp;&nbsp;&nbsp;Interacting&nbsp;&nbsp;&nbsp;</td></tr>

<tr><td align="center" bgcolor="#C0C0C0">K</td>

<td align="center" bgcolor="#D3D3D3">0.69952248</td>

<td align="center" bgcolor="#9FB6CD">&nbsp;&nbsp;&nbsp;Interacting&nbsp;&nbsp;&nbsp;</td></tr>

<tr><td align="center" bgcolor="#C0C0C0">K</td>

<td align="center" bgcolor="#D3D3D3">-0.20883922</td>

<td align="center" bgcolor="#9FB6CD">&nbsp;&nbsp;&nbsp;Non-Interacting&nbsp;&nbsp;&nbsp;</td></tr>

<tr><td align="center" bgcolor="#C0C0C0">W</td>

<td align="center" bgcolor="#D3D3D3">-0.44232694</td>

<td align="center" bgcolor="#9FB6CD">&nbsp;&nbsp;&nbsp;Non-Interacting&nbsp;&nbsp;&nbsp;</td></tr>

<tr><td align="center" bgcolor="#C0C0C0">P</td>

<td align="center" bgcolor="#D3D3D3">0.31998882</td>

<td align="center" bgcolor="#9FB6CD">&nbsp;&nbsp;&nbsp;Interacting&nbsp;&nbsp;&nbsp;</td></tr>

<tr><td align="center" bgcolor="#C0C0C0">D</td>

<td align="center" bgcolor="#D3D3D3">-0.50565051</td>

<td align="center" bgcolor="#9FB6CD">&nbsp;&nbsp;&nbsp;Non-Interacting&nbsp;&nbsp;&nbsp;</td></tr>

<tr><td align="center" bgcolor="#C0C0C0">M</td>

<td align="center" bgcolor="#D3D3D3">-0.55437985</td>

<td align="center" bgcolor="#9FB6CD">&nbsp;&nbsp;&nbsp;Non-Interacting&nbsp;&nbsp;&nbsp;</td></tr>

<tr><td align="center" bgcolor="#C0C0C0">K</td>

<td align="center" bgcolor="#D3D3D3">-0.45702783</td>

<td align="center" bgcolor="#9FB6CD">&nbsp;&nbsp;&nbsp;Non-Interacting&nbsp;&nbsp;&nbsp;</td></tr>

<tr><td align="center" bgcolor="#C0C0C0">M</td>

<td align="center" bgcolor="#D3D3D3">-0.63212909</td>

<td align="center" bgcolor="#9FB6CD">&nbsp;&nbsp;&nbsp;Non-Interacting&nbsp;&nbsp;&nbsp;</td></tr>

<tr><td align="center" bgcolor="#C0C0C0">S</td>

<td align="center" bgcolor="#D3D3D3">-0.84801953</td>

<td align="center" bgcolor="#9FB6CD">&nbsp;&nbsp;&nbsp;Non-Interacting&nbsp;&nbsp;&nbsp;</td></tr>

<tr><td align="center" bgcolor="#C0C0C0">Y</td>

<td align="center" bgcolor="#D3D3D3">-0.73451866</td>

<td align="center" bgcolor="#9FB6CD">&nbsp;&nbsp;&nbsp;Non-Interacting&nbsp;&nbsp;&nbsp;</td></tr>

<tr><td align="center" bgcolor="#C0C0C0">F</td>

<td align="center" bgcolor="#D3D3D3">-2.0242561</td>

<td align="center" bgcolor="#9FB6CD">&nbsp;&nbsp;&nbsp;Non-Interacting&nbsp;&nbsp;&nbsp;</td></tr>

<tr><td align="center" bgcolor="#C0C0C0">H</td>

<td align="center" bgcolor="#D3D3D3">-0.62577026</td>

<td align="center" bgcolor="#9FB6CD">&nbsp;&nbsp;&nbsp;Non-Interacting&nbsp;&nbsp;&nbsp;</td></tr>

<tr><td align="center" bgcolor="#C0C0C0">T</td>

<td align="center" bgcolor="#D3D3D3">-0.81790821</td>

<td align="center" bgcolor="#9FB6CD">&nbsp;&nbsp;&nbsp;Non-Interacting&nbsp;&nbsp;&nbsp;</td></tr>

<tr><td align="center" bgcolor="#C0C0C0">L</td>

<td align="center" bgcolor="#D3D3D3">-1.1739279</td>

<td align="center" bgcolor="#9FB6CD">&nbsp;&nbsp;&nbsp;Non-Interacting&nbsp;&nbsp;&nbsp;</td></tr>

<tr><td align="center" bgcolor="#C0C0C0">L</td>

<td align="center" bgcolor="#D3D3D3">-1.8000627</td>

<td align="center" bgcolor="#9FB6CD">&nbsp;&nbsp;&nbsp;Non-Interacting&nbsp;&nbsp;&nbsp;</td></tr>

<tr><td align="center" bgcolor="#C0C0C0">A</td>

<td align="center" bgcolor="#D3D3D3">-1.8885256</td>

<td align="center" bgcolor="#9FB6CD">&nbsp;&nbsp;&nbsp;Non-Interacting&nbsp;&nbsp;&nbsp;</td></tr>

<tr><td align="center" bgcolor="#C0C0C0">E</td>

<td align="center" bgcolor="#D3D3D3">-1.198699</td>

<td align="center" bgcolor="#9FB6CD">&nbsp;&nbsp;&nbsp;Non-Interacting&nbsp;&nbsp;&nbsp;</td></tr>

<tr><td align="center" bgcolor="#C0C0C0">V</td>

<td align="center" bgcolor="#D3D3D3">-1.6850051</td>

<td align="center" bgcolor="#9FB6CD">&nbsp;&nbsp;&nbsp;Non-Interacting&nbsp;&nbsp;&nbsp;</td></tr>

<tr><td align="center" bgcolor="#C0C0C0">C</td>

<td align="center" bgcolor="#D3D3D3">-1.1469139</td>

<td align="center" bgcolor="#9FB6CD">&nbsp;&nbsp;&nbsp;Non-Interacting&nbsp;&nbsp;&nbsp;</td></tr>

<tr><td align="center" bgcolor="#C0C0C0">T</td>

<td align="center" bgcolor="#D3D3D3">-1.0856143</td>

<td align="center" bgcolor="#9FB6CD">&nbsp;&nbsp;&nbsp;Non-Interacting&nbsp;&nbsp;&nbsp;</td></tr>

<tr><td align="center" bgcolor="#C0C0C0">G</td>

<td align="center" bgcolor="#D3D3D3">-0.97751589</td>

<td align="center" bgcolor="#9FB6CD">&nbsp;&nbsp;&nbsp;Non-Interacting&nbsp;&nbsp;&nbsp;</td></tr>

<tr><td align="center" bgcolor="#C0C0C0">V</td>

<td align="center" bgcolor="#D3D3D3">-1.0022462</td>

<td align="center" bgcolor="#9FB6CD">&nbsp;&nbsp;&nbsp;Non-Interacting&nbsp;&nbsp;&nbsp;</td></tr>

<tr><td align="center" bgcolor="#C0C0C0">A</td>

<td align="center" bgcolor="#D3D3D3">-0.90586611</td>

<td align="center" bgcolor="#9FB6CD">&nbsp;&nbsp;&nbsp;Non-Interacting&nbsp;&nbsp;&nbsp;</td></tr>

<tr><td align="center" bgcolor="#C0C0C0">P</td>

<td align="center" bgcolor="#D3D3D3">-1.4680017</td>

<td align="center" bgcolor="#9FB6CD">&nbsp;&nbsp;&nbsp;Non-Interacting&nbsp;&nbsp;&nbsp;</td></tr>

<tr><td align="center" bgcolor="#C0C0C0">E</td>

<td align="center" bgcolor="#D3D3D3">-1.3066943</td>

<td align="center" bgcolor="#9FB6CD">&nbsp;&nbsp;&nbsp;Non-Interacting&nbsp;&nbsp;&nbsp;</td></tr>

<tr><td align="center" bgcolor="#C0C0C0">V</td>

<td align="center" bgcolor="#D3D3D3">-1.1871832</td>

<td align="center" bgcolor="#9FB6CD">&nbsp;&nbsp;&nbsp;Non-Interacting&nbsp;&nbsp;&nbsp;</td></tr>

<tr><td align="center" bgcolor="#C0C0C0">N</td>

<td align="center" bgcolor="#D3D3D3">-0.9518867</td>

<td align="center" bgcolor="#9FB6CD">&nbsp;&nbsp;&nbsp;Non-Interacting&nbsp;&nbsp;&nbsp;</td></tr>

<tr><td align="center" bgcolor="#C0C0C0">A</td>

<td align="center" bgcolor="#D3D3D3">-1.237501</td>

<td align="center" bgcolor="#9FB6CD">&nbsp;&nbsp;&nbsp;Non-Interacting&nbsp;&nbsp;&nbsp;</td></tr>

<tr><td align="center" bgcolor="#C0C0C0">K</td>

<td align="center" bgcolor="#D3D3D3">-0.81753042</td>

<td align="center" bgcolor="#9FB6CD">&nbsp;&nbsp;&nbsp;Non-Interacting&nbsp;&nbsp;&nbsp;</td></tr>

<tr><td align="center" bgcolor="#C0C0C0">A</td>

<td align="center" bgcolor="#D3D3D3">-1.2100998</td>

<td align="center" bgcolor="#9FB6CD">&nbsp;&nbsp;&nbsp;Non-Interacting&nbsp;&nbsp;&nbsp;</td></tr>

<tr><td align="center" bgcolor="#C0C0C0">L</td>

<td align="center" bgcolor="#D3D3D3">-0.37746786</td>

<td align="center" bgcolor="#9FB6CD">&nbsp;&nbsp;&nbsp;Non-Interacting&nbsp;&nbsp;&nbsp;</td></tr>

<tr><td align="center" bgcolor="#C0C0C0">A</td>

<td align="center" bgcolor="#D3D3D3">-1.2237695</td>

<td align="center" bgcolor="#9FB6CD">&nbsp;&nbsp;&nbsp;Non-Interacting&nbsp;&nbsp;&nbsp;</td></tr>

<tr><td align="center" bgcolor="#C0C0C0">W</td>

<td align="center" bgcolor="#D3D3D3">-0.10434425</td>

<td align="center" bgcolor="#9FB6CD">&nbsp;&nbsp;&nbsp;Interacting&nbsp;&nbsp;&nbsp;</td></tr>

<tr><td align="center" bgcolor="#C0C0C0">G</td>

<td align="center" bgcolor="#D3D3D3">-0.11557002</td>

<td align="center" bgcolor="#9FB6CD">&nbsp;&nbsp;&nbsp;Interacting&nbsp;&nbsp;&nbsp;</td></tr>

<tr><td align="center" bgcolor="#C0C0C0">K</td>

<td align="center" bgcolor="#D3D3D3">-0.009266728</td>

<td align="center" bgcolor="#9FB6CD">&nbsp;&nbsp;&nbsp;Interacting&nbsp;&nbsp;&nbsp;</td></tr>

<tr><td align="center" bgcolor="#C0C0C0">Q</td>

<td align="center" bgcolor="#D3D3D3">-0.1278526</td>

<td align="center" bgcolor="#9FB6CD">&nbsp;&nbsp;&nbsp;Interacting&nbsp;&nbsp;&nbsp;</td></tr>

<tr><td align="center" bgcolor="#C0C0C0">Y</td>

<td align="center" bgcolor="#D3D3D3">-0.43031844</td>

<td align="center" bgcolor="#9FB6CD">&nbsp;&nbsp;&nbsp;Non-Interacting&nbsp;&nbsp;&nbsp;</td></tr>

<tr><td align="center" bgcolor="#C0C0C0">E</td>

<td align="center" bgcolor="#D3D3D3">-1.8794087</td>

<td align="center" bgcolor="#9FB6CD">&nbsp;&nbsp;&nbsp;Non-Interacting&nbsp;&nbsp;&nbsp;</td></tr>

<tr><td align="center" bgcolor="#C0C0C0">N</td>

<td align="center" bgcolor="#D3D3D3">-1.2640109</td>

<td align="center" bgcolor="#9FB6CD">&nbsp;&nbsp;&nbsp;Non-Interacting&nbsp;&nbsp;&nbsp;</td></tr>

<tr><td align="center" bgcolor="#C0C0C0">D</td>

<td align="center" bgcolor="#D3D3D3">-1.0022602</td>

<td align="center" bgcolor="#9FB6CD">&nbsp;&nbsp;&nbsp;Non-Interacting&nbsp;&nbsp;&nbsp;</td></tr>

<tr><td align="center" bgcolor="#C0C0C0">A</td>

<td align="center" bgcolor="#D3D3D3">-1.3374564</td>

<td align="center" bgcolor="#9FB6CD">&nbsp;&nbsp;&nbsp;Non-Interacting&nbsp;&nbsp;&nbsp;</td></tr>

<tr><td align="center" bgcolor="#C0C0C0">R</td>

<td align="center" bgcolor="#D3D3D3">-1.0417344</td>

<td align="center" bgcolor="#9FB6CD">&nbsp;&nbsp;&nbsp;Non-Interacting&nbsp;&nbsp;&nbsp;</td></tr>

<tr><td align="center" bgcolor="#C0C0C0">T</td>

<td align="center" bgcolor="#D3D3D3">-1.0541039</td>

<td align="center" bgcolor="#9FB6CD">&nbsp;&nbsp;&nbsp;Non-Interacting&nbsp;&nbsp;&nbsp;</td></tr>

<tr><td align="center" bgcolor="#C0C0C0">L</td>

<td align="center" bgcolor="#D3D3D3">-0.66079767</td>

<td align="center" bgcolor="#9FB6CD">&nbsp;&nbsp;&nbsp;Non-Interacting&nbsp;&nbsp;&nbsp;</td></tr>

<tr><td align="center" bgcolor="#C0C0C0">F</td>

<td align="center" bgcolor="#D3D3D3">-1.002535</td>

<td align="center" bgcolor="#9FB6CD">&nbsp;&nbsp;&nbsp;Non-Interacting&nbsp;&nbsp;&nbsp;</td></tr>

<tr><td align="center" bgcolor="#C0C0C0">E</td>

<td align="center" bgcolor="#D3D3D3">-0.58809157</td>

<td align="center" bgcolor="#9FB6CD">&nbsp;&nbsp;&nbsp;Non-Interacting&nbsp;&nbsp;&nbsp;</td></tr>

<tr><td align="center" bgcolor="#C0C0C0">F</td>

<td align="center" bgcolor="#D3D3D3">-0.84531113</td>

<td align="center" bgcolor="#9FB6CD">&nbsp;&nbsp;&nbsp;Non-Interacting&nbsp;&nbsp;&nbsp;</td></tr>

<tr><td align="center" bgcolor="#C0C0C0">T</td>

<td align="center" bgcolor="#D3D3D3">-0.65333573</td>

<td align="center" bgcolor="#9FB6CD">&nbsp;&nbsp;&nbsp;Non-Interacting&nbsp;&nbsp;&nbsp;</td></tr>

<tr><td align="center" bgcolor="#C0C0C0">S</td>

<td align="center" bgcolor="#D3D3D3">-0.35988129</td>

<td align="center" bgcolor="#9FB6CD">&nbsp;&nbsp;&nbsp;Non-Interacting&nbsp;&nbsp;&nbsp;</td></tr>

<tr><td align="center" bgcolor="#C0C0C0">G</td>

<td align="center" bgcolor="#D3D3D3">-0.70834177</td>

<td align="center" bgcolor="#9FB6CD">&nbsp;&nbsp;&nbsp;Non-Interacting&nbsp;&nbsp;&nbsp;</td></tr>

<tr><td align="center" bgcolor="#C0C0C0">V</td>

<td align="center" bgcolor="#D3D3D3">-0.33220213</td>

<td align="center" bgcolor="#9FB6CD">&nbsp;&nbsp;&nbsp;Non-Interacting&nbsp;&nbsp;&nbsp;</td></tr>

<tr><td align="center" bgcolor="#C0C0C0">N</td>

<td align="center" bgcolor="#D3D3D3">-0.54614709</td>

<td align="center" bgcolor="#9FB6CD">&nbsp;&nbsp;&nbsp;Non-Interacting&nbsp;&nbsp;&nbsp;</td></tr>

<tr><td align="center" bgcolor="#C0C0C0">V</td>

<td align="center" bgcolor="#D3D3D3">-0.5633969</td>

<td align="center" bgcolor="#9FB6CD">&nbsp;&nbsp;&nbsp;Non-Interacting&nbsp;&nbsp;&nbsp;</td></tr>

<tr><td align="center" bgcolor="#C0C0C0">T</td>

<td align="center" bgcolor="#D3D3D3">-0.81981892</td>

<td align="center" bgcolor="#9FB6CD">&nbsp;&nbsp;&nbsp;Non-Interacting&nbsp;&nbsp;&nbsp;</td></tr>

<tr><td align="center" bgcolor="#C0C0C0">E</td>

<td align="center" bgcolor="#D3D3D3">-1.580115</td>

<td align="center" bgcolor="#9FB6CD">&nbsp;&nbsp;&nbsp;Non-Interacting&nbsp;&nbsp;&nbsp;</td></tr>

<tr><td align="center" bgcolor="#C0C0C0">S</td>

<td align="center" bgcolor="#D3D3D3">-1.1898079</td>

<td align="center" bgcolor="#9FB6CD">&nbsp;&nbsp;&nbsp;Non-Interacting&nbsp;&nbsp;&nbsp;</td></tr>

<tr><td align="center" bgcolor="#C0C0C0">P</td>

<td align="center" bgcolor="#D3D3D3">-1.5361685</td>

<td align="center" bgcolor="#9FB6CD">&nbsp;&nbsp;&nbsp;Non-Interacting&nbsp;&nbsp;&nbsp;</td></tr>

<tr><td align="center" bgcolor="#C0C0C0">I</td>

<td align="center" bgcolor="#D3D3D3">-1.1990311</td>

<td align="center" bgcolor="#9FB6CD">&nbsp;&nbsp;&nbsp;Non-Interacting&nbsp;&nbsp;&nbsp;</td></tr>

<tr><td align="center" bgcolor="#C0C0C0">I</td>

<td align="center" bgcolor="#D3D3D3">-1.5268405</td>

<td align="center" bgcolor="#9FB6CD">&nbsp;&nbsp;&nbsp;Non-Interacting&nbsp;&nbsp;&nbsp;</td></tr>

<tr><td align="center" bgcolor="#C0C0C0">Y</td>

<td align="center" bgcolor="#D3D3D3">-1.6044108</td>

<td align="center" bgcolor="#9FB6CD">&nbsp;&nbsp;&nbsp;Non-Interacting&nbsp;&nbsp;&nbsp;</td></tr>

<tr><td align="center" bgcolor="#C0C0C0">R</td>

<td align="center" bgcolor="#D3D3D3">-0.899032</td>

<td align="center" bgcolor="#9FB6CD">&nbsp;&nbsp;&nbsp;Non-Interacting&nbsp;&nbsp;&nbsp;</td></tr>

<tr><td align="center" bgcolor="#C0C0C0">D</td>

<td align="center" bgcolor="#D3D3D3">-1.4969544</td>

<td align="center" bgcolor="#9FB6CD">&nbsp;&nbsp;&nbsp;Non-Interacting&nbsp;&nbsp;&nbsp;</td></tr>

<tr><td align="center" bgcolor="#C0C0C0">E</td>

<td align="center" bgcolor="#D3D3D3">-1.0512352</td>

<td align="center" bgcolor="#9FB6CD">&nbsp;&nbsp;&nbsp;Non-Interacting&nbsp;&nbsp;&nbsp;</td></tr>

<tr><td align="center" bgcolor="#C0C0C0">S</td>

<td align="center" bgcolor="#D3D3D3">-1.1881833</td>

<td align="center" bgcolor="#9FB6CD">&nbsp;&nbsp;&nbsp;Non-Interacting&nbsp;&nbsp;&nbsp;</td></tr>

<tr><td align="center" bgcolor="#C0C0C0">M</td>

<td align="center" bgcolor="#D3D3D3">-1.150357</td>

<td align="center" bgcolor="#9FB6CD">&nbsp;&nbsp;&nbsp;Non-Interacting&nbsp;&nbsp;&nbsp;</td></tr>

<tr><td align="center" bgcolor="#C0C0C0">R</td>

<td align="center" bgcolor="#D3D3D3">-1.1777508</td>

<td align="center" bgcolor="#9FB6CD">&nbsp;&nbsp;&nbsp;Non-Interacting&nbsp;&nbsp;&nbsp;</td></tr>

<tr><td align="center" bgcolor="#C0C0C0">T</td>

<td align="center" bgcolor="#D3D3D3">-0.50324211</td>

<td align="center" bgcolor="#9FB6CD">&nbsp;&nbsp;&nbsp;Non-Interacting&nbsp;&nbsp;&nbsp;</td></tr>

<tr><td align="center" bgcolor="#C0C0C0">A</td>

<td align="center" bgcolor="#D3D3D3">-0.32174926</td>

<td align="center" bgcolor="#9FB6CD">&nbsp;&nbsp;&nbsp;Non-Interacting&nbsp;&nbsp;&nbsp;</td></tr>

<tr><td align="center" bgcolor="#C0C0C0">C</td>

<td align="center" bgcolor="#D3D3D3">-0.080947373</td>

<td align="center" bgcolor="#9FB6CD">&nbsp;&nbsp;&nbsp;Interacting&nbsp;&nbsp;&nbsp;</td></tr>

<tr><td align="center" bgcolor="#C0C0C0">S</td>

<td align="center" bgcolor="#D3D3D3">-0.56157225</td>

<td align="center" bgcolor="#9FB6CD">&nbsp;&nbsp;&nbsp;Non-Interacting&nbsp;&nbsp;&nbsp;</td></tr>

<tr><td align="center" bgcolor="#C0C0C0">P</td>

<td align="center" bgcolor="#D3D3D3">-1.2105306</td>

<td align="center" bgcolor="#9FB6CD">&nbsp;&nbsp;&nbsp;Non-Interacting&nbsp;&nbsp;&nbsp;</td></tr>

<tr><td align="center" bgcolor="#C0C0C0">D</td>

<td align="center" bgcolor="#D3D3D3">-0.87527212</td>

<td align="center" bgcolor="#9FB6CD">&nbsp;&nbsp;&nbsp;Non-Interacting&nbsp;&nbsp;&nbsp;</td></tr>

<tr><td align="center" bgcolor="#C0C0C0">G</td>

<td align="center" bgcolor="#D3D3D3">-0.80082664</td>

<td align="center" bgcolor="#9FB6CD">&nbsp;&nbsp;&nbsp;Non-Interacting&nbsp;&nbsp;&nbsp;</td></tr>

<tr><td align="center" bgcolor="#C0C0C0">L</td>

<td align="center" bgcolor="#D3D3D3">-0.56704087</td>

<td align="center" bgcolor="#9FB6CD">&nbsp;&nbsp;&nbsp;Non-Interacting&nbsp;&nbsp;&nbsp;</td></tr>

<tr><td align="center" bgcolor="#C0C0C0">C</td>

<td align="center" bgcolor="#D3D3D3">-1.6926672</td>

<td align="center" bgcolor="#9FB6CD">&nbsp;&nbsp;&nbsp;Non-Interacting&nbsp;&nbsp;&nbsp;</td></tr>

<tr><td align="center" bgcolor="#C0C0C0">S</td>

<td align="center" bgcolor="#D3D3D3">-1.2442562</td>

<td align="center" bgcolor="#9FB6CD">&nbsp;&nbsp;&nbsp;Non-Interacting&nbsp;&nbsp;&nbsp;</td></tr>

<tr><td align="center" bgcolor="#C0C0C0">D</td>

<td align="center" bgcolor="#D3D3D3">-0.67326108</td>

<td align="center" bgcolor="#9FB6CD">&nbsp;&nbsp;&nbsp;Non-Interacting&nbsp;&nbsp;&nbsp;</td></tr>

<tr><td align="center" bgcolor="#C0C0C0">G</td>

<td align="center" bgcolor="#D3D3D3">-1.3175039</td>

<td align="center" bgcolor="#9FB6CD">&nbsp;&nbsp;&nbsp;Non-Interacting&nbsp;&nbsp;&nbsp;</td></tr>

<tr><td align="center" bgcolor="#C0C0C0">N</td>

<td align="center" bgcolor="#D3D3D3">-1.3557458</td>

<td align="center" bgcolor="#9FB6CD">&nbsp;&nbsp;&nbsp;Non-Interacting&nbsp;&nbsp;&nbsp;</td></tr>

<tr><td align="center" bgcolor="#C0C0C0">G</td>

<td align="center" bgcolor="#D3D3D3">-1.3598585</td>

<td align="center" bgcolor="#9FB6CD">&nbsp;&nbsp;&nbsp;Non-Interacting&nbsp;&nbsp;&nbsp;</td></tr>

<tr><td align="center" bgcolor="#C0C0C0">L</td>

<td align="center" bgcolor="#D3D3D3">-1.498079</td>

<td align="center" bgcolor="#9FB6CD">&nbsp;&nbsp;&nbsp;Non-Interacting&nbsp;&nbsp;&nbsp;</td></tr>

<tr><td align="center" bgcolor="#C0C0C0">E</td>

<td align="center" bgcolor="#D3D3D3">-1.2221515</td>

<td align="center" bgcolor="#9FB6CD">&nbsp;&nbsp;&nbsp;Non-Interacting&nbsp;&nbsp;&nbsp;</td></tr>

<tr><td align="center" bgcolor="#C0C0C0">L</td>

<td align="center" bgcolor="#D3D3D3">-0.99694283</td>

<td align="center" bgcolor="#9FB6CD">&nbsp;&nbsp;&nbsp;Non-Interacting&nbsp;&nbsp;&nbsp;</td></tr>

<tr><td align="center" bgcolor="#C0C0C0">A</td>

<td align="center" bgcolor="#D3D3D3">-0.48956972</td>

<td align="center" bgcolor="#9FB6CD">&nbsp;&nbsp;&nbsp;Non-Interacting&nbsp;&nbsp;&nbsp;</td></tr>

<tr><td align="center" bgcolor="#C0C0C0">C</td>

<td align="center" bgcolor="#D3D3D3">-1.6271541</td>

<td align="center" bgcolor="#9FB6CD">&nbsp;&nbsp;&nbsp;Non-Interacting&nbsp;&nbsp;&nbsp;</td></tr>

<tr><td align="center" bgcolor="#C0C0C0">P</td>

<td align="center" bgcolor="#D3D3D3">-1.0622709</td>

<td align="center" bgcolor="#9FB6CD">&nbsp;&nbsp;&nbsp;Non-Interacting&nbsp;&nbsp;&nbsp;</td></tr>

<tr><td align="center" bgcolor="#C0C0C0">F</td>

<td align="center" bgcolor="#D3D3D3">-1.0863165</td>

<td align="center" bgcolor="#9FB6CD">&nbsp;&nbsp;&nbsp;Non-Interacting&nbsp;&nbsp;&nbsp;</td></tr>

<tr><td align="center" bgcolor="#C0C0C0">T</td>

<td align="center" bgcolor="#D3D3D3">-0.51416997</td>

<td align="center" bgcolor="#9FB6CD">&nbsp;&nbsp;&nbsp;Non-Interacting&nbsp;&nbsp;&nbsp;</td></tr>

<tr><td align="center" bgcolor="#C0C0C0">S</td>

<td align="center" bgcolor="#D3D3D3">-0.28789652</td>

<td align="center" bgcolor="#9FB6CD">&nbsp;&nbsp;&nbsp;Non-Interacting&nbsp;&nbsp;&nbsp;</td></tr>

<tr><td align="center" bgcolor="#C0C0C0">R</td>

<td align="center" bgcolor="#D3D3D3">-0.3344281</td>

<td align="center" bgcolor="#9FB6CD">&nbsp;&nbsp;&nbsp;Non-Interacting&nbsp;&nbsp;&nbsp;</td></tr>

<tr><td align="center" bgcolor="#C0C0C0">D</td>

<td align="center" bgcolor="#D3D3D3">-0.62601489</td>

<td align="center" bgcolor="#9FB6CD">&nbsp;&nbsp;&nbsp;Non-Interacting&nbsp;&nbsp;&nbsp;</td></tr>

<tr><td align="center" bgcolor="#C0C0C0">F</td>

<td align="center" bgcolor="#D3D3D3">-0.63227788</td>

<td align="center" bgcolor="#9FB6CD">&nbsp;&nbsp;&nbsp;Non-Interacting&nbsp;&nbsp;&nbsp;</td></tr>

<tr><td align="center" bgcolor="#C0C0C0">M</td>

<td align="center" bgcolor="#D3D3D3">-1.231846</td>

<td align="center" bgcolor="#9FB6CD">&nbsp;&nbsp;&nbsp;Non-Interacting&nbsp;&nbsp;&nbsp;</td></tr>

<tr><td align="center" bgcolor="#C0C0C0">K</td>

<td align="center" bgcolor="#D3D3D3">-0.4366529</td>

<td align="center" bgcolor="#9FB6CD">&nbsp;&nbsp;&nbsp;Non-Interacting&nbsp;&nbsp;&nbsp;</td></tr>

<tr><td align="center" bgcolor="#C0C0C0">F</td>

<td align="center" bgcolor="#D3D3D3">-1.2721786</td>

<td align="center" bgcolor="#9FB6CD">&nbsp;&nbsp;&nbsp;Non-Interacting&nbsp;&nbsp;&nbsp;</td></tr>

<tr><td align="center" bgcolor="#C0C0C0">R</td>

<td align="center" bgcolor="#D3D3D3">-0.44729423</td>

<td align="center" bgcolor="#9FB6CD">&nbsp;&nbsp;&nbsp;Non-Interacting&nbsp;&nbsp;&nbsp;</td></tr>

<tr><td align="center" bgcolor="#C0C0C0">L</td>

<td align="center" bgcolor="#D3D3D3">-0.47166611</td>

<td align="center" bgcolor="#9FB6CD">&nbsp;&nbsp;&nbsp;Non-Interacting&nbsp;&nbsp;&nbsp;</td></tr>

<tr><td align="center" bgcolor="#C0C0C0">G</td>

<td align="center" bgcolor="#D3D3D3">-0.54019584</td>

<td align="center" bgcolor="#9FB6CD">&nbsp;&nbsp;&nbsp;Non-Interacting&nbsp;&nbsp;&nbsp;</td></tr>

<tr><td align="center" bgcolor="#C0C0C0">G</td>

<td align="center" bgcolor="#D3D3D3">-0.73285841</td>

<td align="center" bgcolor="#9FB6CD">&nbsp;&nbsp;&nbsp;Non-Interacting&nbsp;&nbsp;&nbsp;</td></tr>

<tr><td align="center" bgcolor="#C0C0C0">F</td>

<td align="center" bgcolor="#D3D3D3">-0.49414172</td>

<td align="center" bgcolor="#9FB6CD">&nbsp;&nbsp;&nbsp;Non-Interacting&nbsp;&nbsp;&nbsp;</td></tr>

<tr><td align="center" bgcolor="#C0C0C0">E</td>

<td align="center" bgcolor="#D3D3D3">-0.67392948</td>

<td align="center" bgcolor="#9FB6CD">&nbsp;&nbsp;&nbsp;Non-Interacting&nbsp;&nbsp;&nbsp;</td></tr>

<tr><td align="center" bgcolor="#C0C0C0">A</td>

<td align="center" bgcolor="#D3D3D3">-1.3267196</td>

<td align="center" bgcolor="#9FB6CD">&nbsp;&nbsp;&nbsp;Non-Interacting&nbsp;&nbsp;&nbsp;</td></tr>

<tr><td align="center" bgcolor="#C0C0C0">I</td>

<td align="center" bgcolor="#D3D3D3">-1.0933855</td>

<td align="center" bgcolor="#9FB6CD">&nbsp;&nbsp;&nbsp;Non-Interacting&nbsp;&nbsp;&nbsp;</td></tr>

<tr><td align="center" bgcolor="#C0C0C0">K</td>

<td align="center" bgcolor="#D3D3D3">-0.26325562</td>

<td align="center" bgcolor="#9FB6CD">&nbsp;&nbsp;&nbsp;Non-Interacting&nbsp;&nbsp;&nbsp;</td></tr>

<tr><td align="center" bgcolor="#C0C0C0">S</td>

<td align="center" bgcolor="#D3D3D3">-1.234901</td>

<td align="center" bgcolor="#9FB6CD">&nbsp;&nbsp;&nbsp;Non-Interacting&nbsp;&nbsp;&nbsp;</td></tr>

<tr><td align="center" bgcolor="#C0C0C0">A</td>

<td align="center" bgcolor="#D3D3D3">-0.96378833</td>

<td align="center" bgcolor="#9FB6CD">&nbsp;&nbsp;&nbsp;Non-Interacting&nbsp;&nbsp;&nbsp;</td></tr>

<tr><td align="center" bgcolor="#C0C0C0">Y</td>

<td align="center" bgcolor="#D3D3D3">-0.94520866</td>

<td align="center" bgcolor="#9FB6CD">&nbsp;&nbsp;&nbsp;Non-Interacting&nbsp;&nbsp;&nbsp;</td></tr>

<tr><td align="center" bgcolor="#C0C0C0">M</td>

<td align="center" bgcolor="#D3D3D3">-1.4618559</td>

<td align="center" bgcolor="#9FB6CD">&nbsp;&nbsp;&nbsp;Non-Interacting&nbsp;&nbsp;&nbsp;</td></tr>

<tr><td align="center" bgcolor="#C0C0C0">A</td>

<td align="center" bgcolor="#D3D3D3">-1.1396432</td>

<td align="center" bgcolor="#9FB6CD">&nbsp;&nbsp;&nbsp;Non-Interacting&nbsp;&nbsp;&nbsp;</td></tr>

<tr><td align="center" bgcolor="#C0C0C0">Q</td>

<td align="center" bgcolor="#D3D3D3">-0.77747576</td>

<td align="center" bgcolor="#9FB6CD">&nbsp;&nbsp;&nbsp;Non-Interacting&nbsp;&nbsp;&nbsp;</td></tr>

<tr><td align="center" bgcolor="#C0C0C0">V</td>

<td align="center" bgcolor="#D3D3D3">-0.82617179</td>

<td align="center" bgcolor="#9FB6CD">&nbsp;&nbsp;&nbsp;Non-Interacting&nbsp;&nbsp;&nbsp;</td></tr>

<tr><td align="center" bgcolor="#C0C0C0">Q</td>

<td align="center" bgcolor="#D3D3D3">-0.67314506</td>

<td align="center" bgcolor="#9FB6CD">&nbsp;&nbsp;&nbsp;Non-Interacting&nbsp;&nbsp;&nbsp;</td></tr>

<tr><td align="center" bgcolor="#C0C0C0">Y</td>

<td align="center" bgcolor="#D3D3D3">-0.10647159</td>

<td align="center" bgcolor="#9FB6CD">&nbsp;&nbsp;&nbsp;Interacting&nbsp;&nbsp;&nbsp;</td></tr>

<tr><td align="center" bgcolor="#C0C0C0">S</td>

<td align="center" bgcolor="#D3D3D3">-0.52646836</td>

<td align="center" bgcolor="#9FB6CD">&nbsp;&nbsp;&nbsp;Non-Interacting&nbsp;&nbsp;&nbsp;</td></tr>

<tr><td align="center" bgcolor="#C0C0C0">M</td>

<td align="center" bgcolor="#D3D3D3">-0.41860263</td>

<td align="center" bgcolor="#9FB6CD">&nbsp;&nbsp;&nbsp;Non-Interacting&nbsp;&nbsp;&nbsp;</td></tr>

<tr><td align="center" bgcolor="#C0C0C0">W</td>

<td align="center" bgcolor="#D3D3D3">-0.77897327</td>

<td align="center" bgcolor="#9FB6CD">&nbsp;&nbsp;&nbsp;Non-Interacting&nbsp;&nbsp;&nbsp;</td></tr>

<tr><td align="center" bgcolor="#C0C0C0">V</td>

<td align="center" bgcolor="#D3D3D3">-0.77386113</td>

<td align="center" bgcolor="#9FB6CD">&nbsp;&nbsp;&nbsp;Non-Interacting&nbsp;&nbsp;&nbsp;</td></tr>

<tr><td align="center" bgcolor="#C0C0C0">T</td>

<td align="center" bgcolor="#D3D3D3">-1.0730528</td>

<td align="center" bgcolor="#9FB6CD">&nbsp;&nbsp;&nbsp;Non-Interacting&nbsp;&nbsp;&nbsp;</td></tr>

<tr><td align="center" bgcolor="#C0C0C0">R</td>

<td align="center" bgcolor="#D3D3D3">-0.047663356</td>

<td align="center" bgcolor="#9FB6CD">&nbsp;&nbsp;&nbsp;Interacting&nbsp;&nbsp;&nbsp;</td></tr>

<tr><td align="center" bgcolor="#C0C0C0">K</td>

<td align="center" bgcolor="#D3D3D3">-0.52087506</td>

<td align="center" bgcolor="#9FB6CD">&nbsp;&nbsp;&nbsp;Non-Interacting&nbsp;&nbsp;&nbsp;</td></tr>

<tr><td align="center" bgcolor="#C0C0C0">N</td>

<td align="center" bgcolor="#D3D3D3">-1.1676008</td>

<td align="center" bgcolor="#9FB6CD">&nbsp;&nbsp;&nbsp;Non-Interacting&nbsp;&nbsp;&nbsp;</td></tr>

<tr><td align="center" bgcolor="#C0C0C0">A</td>

<td align="center" bgcolor="#D3D3D3">-1.4017987</td>

<td align="center" bgcolor="#9FB6CD">&nbsp;&nbsp;&nbsp;Non-Interacting&nbsp;&nbsp;&nbsp;</td></tr>

<tr><td align="center" bgcolor="#C0C0C0">W</td>

<td align="center" bgcolor="#D3D3D3">-1.0903706</td>

<td align="center" bgcolor="#9FB6CD">&nbsp;&nbsp;&nbsp;Non-Interacting&nbsp;&nbsp;&nbsp;</td></tr>

<tr><td align="center" bgcolor="#C0C0C0">Y</td>

<td align="center" bgcolor="#D3D3D3">-1.4175919</td>

<td align="center" bgcolor="#9FB6CD">&nbsp;&nbsp;&nbsp;Non-Interacting&nbsp;&nbsp;&nbsp;</td></tr>

<tr><td align="center" bgcolor="#C0C0C0">F</td>

<td align="center" bgcolor="#D3D3D3">-1.0482024</td>

<td align="center" bgcolor="#9FB6CD">&nbsp;&nbsp;&nbsp;Non-Interacting&nbsp;&nbsp;&nbsp;</td></tr>

<tr><td align="center" bgcolor="#C0C0C0">A</td>

<td align="center" bgcolor="#D3D3D3">-0.85884969</td>

<td align="center" bgcolor="#9FB6CD">&nbsp;&nbsp;&nbsp;Non-Interacting&nbsp;&nbsp;&nbsp;</td></tr>

<tr><td align="center" bgcolor="#C0C0C0">N</td>

<td align="center" bgcolor="#D3D3D3">0.045773129</td>

<td align="center" bgcolor="#9FB6CD">&nbsp;&nbsp;&nbsp;Interacting&nbsp;&nbsp;&nbsp;</td></tr>

<tr><td align="center" bgcolor="#C0C0C0">Y</td>

<td align="center" bgcolor="#D3D3D3">0.13600224</td>

<td align="center" bgcolor="#9FB6CD">&nbsp;&nbsp;&nbsp;Interacting&nbsp;&nbsp;&nbsp;</td></tr>

<tr><td align="center" bgcolor="#C0C0C0">D</td>

<td align="center" bgcolor="#D3D3D3">-0.91211199</td>

<td align="center" bgcolor="#9FB6CD">&nbsp;&nbsp;&nbsp;Non-Interacting&nbsp;&nbsp;&nbsp;</td></tr>

<tr><td align="center" bgcolor="#C0C0C0">P</td>

<td align="center" bgcolor="#D3D3D3">-0.75400284</td>

<td align="center" bgcolor="#9FB6CD">&nbsp;&nbsp;&nbsp;Non-Interacting&nbsp;&nbsp;&nbsp;</td></tr>

<tr><td align="center" bgcolor="#C0C0C0">R</td>

<td align="center" bgcolor="#D3D3D3">-0.33068619</td>

<td align="center" bgcolor="#9FB6CD">&nbsp;&nbsp;&nbsp;Non-Interacting&nbsp;&nbsp;&nbsp;</td></tr>

<tr><td align="center" bgcolor="#C0C0C0">M</td>

<td align="center" bgcolor="#D3D3D3">-1.4632948</td>

<td align="center" bgcolor="#9FB6CD">&nbsp;&nbsp;&nbsp;Non-Interacting&nbsp;&nbsp;&nbsp;</td></tr>

<tr><td align="center" bgcolor="#C0C0C0">K</td>

<td align="center" bgcolor="#D3D3D3">-0.89078693</td>

<td align="center" bgcolor="#9FB6CD">&nbsp;&nbsp;&nbsp;Non-Interacting&nbsp;&nbsp;&nbsp;</td></tr>

<tr><td align="center" bgcolor="#C0C0C0">R</td>

<td align="center" bgcolor="#D3D3D3">0.12394131</td>

<td align="center" bgcolor="#9FB6CD">&nbsp;&nbsp;&nbsp;Interacting&nbsp;&nbsp;&nbsp;</td></tr>

<tr><td align="center" bgcolor="#C0C0C0">E</td>

<td align="center" bgcolor="#D3D3D3">-0.3408045</td>

<td align="center" bgcolor="#9FB6CD">&nbsp;&nbsp;&nbsp;Non-Interacting&nbsp;&nbsp;&nbsp;</td></tr>

<tr><td align="center" bgcolor="#C0C0C0">G</td>

<td align="center" bgcolor="#D3D3D3">-0.0037587668</td>

<td align="center" bgcolor="#9FB6CD">&nbsp;&nbsp;&nbsp;Interacting&nbsp;&nbsp;&nbsp;</td></tr>

<tr><td align="center" bgcolor="#C0C0C0">L</td>

<td align="center" bgcolor="#D3D3D3">-0.015498239</td>

<td align="center" bgcolor="#9FB6CD">&nbsp;&nbsp;&nbsp;Interacting&nbsp;&nbsp;&nbsp;</td></tr>

<tr><td align="center" bgcolor="#C0C0C0">H</td>

<td align="center" bgcolor="#D3D3D3">-0.52122171</td>

<td align="center" bgcolor="#9FB6CD">&nbsp;&nbsp;&nbsp;Non-Interacting&nbsp;&nbsp;&nbsp;</td></tr>

<tr><td align="center" bgcolor="#C0C0C0">Y</td>

<td align="center" bgcolor="#D3D3D3">-0.43193081</td>

<td align="center" bgcolor="#9FB6CD">&nbsp;&nbsp;&nbsp;Non-Interacting&nbsp;&nbsp;&nbsp;</td></tr>

<tr><td align="center" bgcolor="#C0C0C0">V</td>

<td align="center" bgcolor="#D3D3D3">-0.99298034</td>

<td align="center" bgcolor="#9FB6CD">&nbsp;&nbsp;&nbsp;Non-Interacting&nbsp;&nbsp;&nbsp;</td></tr>

<tr><td align="center" bgcolor="#C0C0C0">V</td>

<td align="center" bgcolor="#D3D3D3">-0.77277447</td>

<td align="center" bgcolor="#9FB6CD">&nbsp;&nbsp;&nbsp;Non-Interacting&nbsp;&nbsp;&nbsp;</td></tr>

<tr><td align="center" bgcolor="#C0C0C0">I</td>

<td align="center" bgcolor="#D3D3D3">-1.1247177</td>

<td align="center" bgcolor="#9FB6CD">&nbsp;&nbsp;&nbsp;Non-Interacting&nbsp;&nbsp;&nbsp;</td></tr>

<tr><td align="center" bgcolor="#C0C0C0">E</td>

<td align="center" bgcolor="#D3D3D3">-0.86546912</td>

<td align="center" bgcolor="#9FB6CD">&nbsp;&nbsp;&nbsp;Non-Interacting&nbsp;&nbsp;&nbsp;</td></tr>

<tr><td align="center" bgcolor="#C0C0C0">R</td>

<td align="center" bgcolor="#D3D3D3">-0.57825466</td>

<td align="center" bgcolor="#9FB6CD">&nbsp;&nbsp;&nbsp;Non-Interacting&nbsp;&nbsp;&nbsp;</td></tr>

<tr><td align="center" bgcolor="#C0C0C0">D</td>

<td align="center" bgcolor="#D3D3D3">-0.94766282</td>

<td align="center" bgcolor="#9FB6CD">&nbsp;&nbsp;&nbsp;Non-Interacting&nbsp;&nbsp;&nbsp;</td></tr>

<tr><td align="center" bgcolor="#C0C0C0">E</td>

<td align="center" bgcolor="#D3D3D3">-1.3834973</td>

<td align="center" bgcolor="#9FB6CD">&nbsp;&nbsp;&nbsp;Non-Interacting&nbsp;&nbsp;&nbsp;</td></tr>

<tr><td align="center" bgcolor="#C0C0C0">K</td>

<td align="center" bgcolor="#D3D3D3">-0.93065803</td>

<td align="center" bgcolor="#9FB6CD">&nbsp;&nbsp;&nbsp;Non-Interacting&nbsp;&nbsp;&nbsp;</td></tr>

<tr><td align="center" bgcolor="#C0C0C0">Y</td>

<td align="center" bgcolor="#D3D3D3">-0.81740773</td>

<td align="center" bgcolor="#9FB6CD">&nbsp;&nbsp;&nbsp;Non-Interacting&nbsp;&nbsp;&nbsp;</td></tr>

<tr><td align="center" bgcolor="#C0C0C0">M</td>

<td align="center" bgcolor="#D3D3D3">-0.67450653</td>

<td align="center" bgcolor="#9FB6CD">&nbsp;&nbsp;&nbsp;Non-Interacting&nbsp;&nbsp;&nbsp;</td></tr>

<tr><td align="center" bgcolor="#C0C0C0">A</td>

<td align="center" bgcolor="#D3D3D3">-1.2985512</td>

<td align="center" bgcolor="#9FB6CD">&nbsp;&nbsp;&nbsp;Non-Interacting&nbsp;&nbsp;&nbsp;</td></tr>

<tr><td align="center" bgcolor="#C0C0C0">S</td>

<td align="center" bgcolor="#D3D3D3">-1.0295079</td>

<td align="center" bgcolor="#9FB6CD">&nbsp;&nbsp;&nbsp;Non-Interacting&nbsp;&nbsp;&nbsp;</td></tr>

<tr><td align="center" bgcolor="#C0C0C0">F</td>

<td align="center" bgcolor="#D3D3D3">-0.99958513</td>

<td align="center" bgcolor="#9FB6CD">&nbsp;&nbsp;&nbsp;Non-Interacting&nbsp;&nbsp;&nbsp;</td></tr>

<tr><td align="center" bgcolor="#C0C0C0">D</td>

<td align="center" bgcolor="#D3D3D3">-1.4474047</td>

<td align="center" bgcolor="#9FB6CD">&nbsp;&nbsp;&nbsp;Non-Interacting&nbsp;&nbsp;&nbsp;</td></tr>

<tr><td align="center" bgcolor="#C0C0C0">E</td>

<td align="center" bgcolor="#D3D3D3">-1.5927558</td>

<td align="center" bgcolor="#9FB6CD">&nbsp;&nbsp;&nbsp;Non-Interacting&nbsp;&nbsp;&nbsp;</td></tr>

<tr><td align="center" bgcolor="#C0C0C0">I</td>

<td align="center" bgcolor="#D3D3D3">-1.6957048</td>

<td align="center" bgcolor="#9FB6CD">&nbsp;&nbsp;&nbsp;Non-Interacting&nbsp;&nbsp;&nbsp;</td></tr>

<tr><td align="center" bgcolor="#C0C0C0">V</td>

<td align="center" bgcolor="#D3D3D3">-1.8717688</td>

<td align="center" bgcolor="#9FB6CD">&nbsp;&nbsp;&nbsp;Non-Interacting&nbsp;&nbsp;&nbsp;</td></tr>

<tr><td align="center" bgcolor="#C0C0C0">P</td>

<td align="center" bgcolor="#D3D3D3">-1.3751122</td>

<td align="center" bgcolor="#9FB6CD">&nbsp;&nbsp;&nbsp;Non-Interacting&nbsp;&nbsp;&nbsp;</td></tr>

<tr><td align="center" bgcolor="#C0C0C0">E</td>

<td align="center" bgcolor="#D3D3D3">-1.6829703</td>

<td align="center" bgcolor="#9FB6CD">&nbsp;&nbsp;&nbsp;Non-Interacting&nbsp;&nbsp;&nbsp;</td></tr>

<tr><td align="center" bgcolor="#C0C0C0">F</td>

<td align="center" bgcolor="#D3D3D3">-1.4434054</td>

<td align="center" bgcolor="#9FB6CD">&nbsp;&nbsp;&nbsp;Non-Interacting&nbsp;&nbsp;&nbsp;</td></tr>

<tr><td align="center" bgcolor="#C0C0C0">I</td>

<td align="center" bgcolor="#D3D3D3">-1.6886688</td>

<td align="center" bgcolor="#9FB6CD">&nbsp;&nbsp;&nbsp;Non-Interacting&nbsp;&nbsp;&nbsp;</td></tr>

<tr><td align="center" bgcolor="#C0C0C0">E</td>

<td align="center" bgcolor="#D3D3D3">-1.4739702</td>

<td align="center" bgcolor="#9FB6CD">&nbsp;&nbsp;&nbsp;Non-Interacting&nbsp;&nbsp;&nbsp;</td></tr>

<tr><td align="center" bgcolor="#C0C0C0">K</td>

<td align="center" bgcolor="#D3D3D3">-1.4145224</td>

<td align="center" bgcolor="#9FB6CD">&nbsp;&nbsp;&nbsp;Non-Interacting&nbsp;&nbsp;&nbsp;</td></tr>

<tr><td align="center" bgcolor="#C0C0C0">M</td>

<td align="center" bgcolor="#D3D3D3">-1.19953</td>

<td align="center" bgcolor="#9FB6CD">&nbsp;&nbsp;&nbsp;Non-Interacting&nbsp;&nbsp;&nbsp;</td></tr>

<tr><td align="center" bgcolor="#C0C0C0">D</td>

<td align="center" bgcolor="#D3D3D3">-1.870621</td>

<td align="center" bgcolor="#9FB6CD">&nbsp;&nbsp;&nbsp;Non-Interacting&nbsp;&nbsp;&nbsp;</td></tr>

<tr><td align="center" bgcolor="#C0C0C0">E</td>

<td align="center" bgcolor="#D3D3D3">-1.7374762</td>

<td align="center" bgcolor="#9FB6CD">&nbsp;&nbsp;&nbsp;Non-Interacting&nbsp;&nbsp;&nbsp;</td></tr>

<tr><td align="center" bgcolor="#C0C0C0">A</td>

<td align="center" bgcolor="#D3D3D3">-1.8775909</td>

<td align="center" bgcolor="#9FB6CD">&nbsp;&nbsp;&nbsp;Non-Interacting&nbsp;&nbsp;&nbsp;</td></tr>

<tr><td align="center" bgcolor="#C0C0C0">L</td>

<td align="center" bgcolor="#D3D3D3">-1.9972524</td>

<td align="center" bgcolor="#9FB6CD">&nbsp;&nbsp;&nbsp;Non-Interacting&nbsp;&nbsp;&nbsp;</td></tr>

<tr><td align="center" bgcolor="#C0C0C0">A</td>

<td align="center" bgcolor="#D3D3D3">-1.4654467</td>

<td align="center" bgcolor="#9FB6CD">&nbsp;&nbsp;&nbsp;Non-Interacting&nbsp;&nbsp;&nbsp;</td></tr>

<tr><td align="center" bgcolor="#C0C0C0">E</td>

<td align="center" bgcolor="#D3D3D3">-1.6423062</td>

<td align="center" bgcolor="#9FB6CD">&nbsp;&nbsp;&nbsp;Non-Interacting&nbsp;&nbsp;&nbsp;</td></tr>

<tr><td align="center" bgcolor="#C0C0C0">I</td>

<td align="center" bgcolor="#D3D3D3">-2.0309759</td>

<td align="center" bgcolor="#9FB6CD">&nbsp;&nbsp;&nbsp;Non-Interacting&nbsp;&nbsp;&nbsp;</td></tr>

<tr><td align="center" bgcolor="#C0C0C0">G</td>

<td align="center" bgcolor="#D3D3D3">-1.9125792</td>

<td align="center" bgcolor="#9FB6CD">&nbsp;&nbsp;&nbsp;Non-Interacting&nbsp;&nbsp;&nbsp;</td></tr>

<tr><td align="center" bgcolor="#C0C0C0">F</td>

<td align="center" bgcolor="#D3D3D3">-0.98790235</td>

<td align="center" bgcolor="#9FB6CD">&nbsp;&nbsp;&nbsp;Non-Interacting&nbsp;&nbsp;&nbsp;</td></tr>

<tr><td align="center" bgcolor="#C0C0C0">V</td>

<td align="center" bgcolor="#D3D3D3">-1.5063186</td>

<td align="center" bgcolor="#9FB6CD">&nbsp;&nbsp;&nbsp;Non-Interacting&nbsp;&nbsp;&nbsp;</td></tr>

<tr><td align="center" bgcolor="#C0C0C0">F</td>

<td align="center" bgcolor="#D3D3D3">-1.1944559</td>

<td align="center" bgcolor="#9FB6CD">&nbsp;&nbsp;&nbsp;Non-Interacting&nbsp;&nbsp;&nbsp;</td></tr>

<tr><td align="center" bgcolor="#C0C0C0">G</td>

<td align="center" bgcolor="#D3D3D3">-0.84463221</td>

<td align="center" bgcolor="#9FB6CD">&nbsp;&nbsp;&nbsp;Non-Interacting&nbsp;&nbsp;&nbsp;</td></tr>

<tr><td align="center" bgcolor="#C0C0C0">E</td>

<td align="center" bgcolor="#D3D3D3">-0.29504005</td>

<td align="center" bgcolor="#9FB6CD">&nbsp;&nbsp;&nbsp;Non-Interacting&nbsp;&nbsp;&nbsp;</td></tr>

<tr><td align="center" bgcolor="#C0C0C0">Q</td>

<td align="center" bgcolor="#D3D3D3">-0.18983187</td>

<td align="center" bgcolor="#9FB6CD">&nbsp;&nbsp;&nbsp;Interacting&nbsp;&nbsp;&nbsp;</td></tr>

<tr><td align="center" bgcolor="#C0C0C0">W</td>

<td align="center" bgcolor="#D3D3D3">0.31823235</td>

<td align="center" bgcolor="#9FB6CD">&nbsp;&nbsp;&nbsp;Interacting&nbsp;&nbsp;&nbsp;</td></tr>

<tr><td align="center" bgcolor="#C0C0C0">R</td>

<td align="center" bgcolor="#D3D3D3">-0.049560291</td>

<td align="center" bgcolor="#9FB6CD">&nbsp;&nbsp;&nbsp;Interacting&nbsp;&nbsp;&nbsp;</td></tr>

</tbody></table>

<br><br><br><br><br><br><br>



</body></html>